rank,name,pubkey,state,unmet_rate_pct,unmet_epochs_count,evaluated_epochs,missing_epochs,not_bonus_rate_pct,bonus,baseline,none,none_high_third_party_stake,unmet_epoch_list,window
1,Aursen,AurseT3W3tk1dATBWAXtWR6oubBgECqintfcvP74teU3,Approved,73.5,25,34,30,73.5,9,0,25,0,1007 1006 1005 1004 1003 1002 1001 1000 999 998 997 996 995 994 993 992 991 990 989 988 987 986 985 984 983,944-1007
2,Syndica,SyndicAgdEphcy5xhAKZAomTYhcF8xhC7za2UD9xeug,Approved,68.8,44,64,0,68.8,20,0,44,0,1007 1006 1005 1004 1003 1002 1001 1000 999 998 997 996 995 994 993 992 991 990 989 988 987 986 982 981 980 979 978 977 976 975 974 973 972 971 970 969 959 958 957 956 955 954 953 952,944-1007
3,,6c6RrC9TWNgiVXnbZ6hehNuhyh81pZK1yAj5w2nXZTwi,Approved,45.3,29,64,0,45.3,35,0,29,0,1007 1006 1005 1004 1003 1002 1001 1000 999 998 997 996 995 994 993 992 991 990 989 988 987 986 985 984 977 976 975 957 956,944-1007
4,,PuRposE4utktenW49N8DCtVzdVEwYrmsrroboEUram4,Approved,43.1,25,58,6,43.1,33,0,25,0,997 996 994 993 992 991 990 983 982 981 980 979 978 977 976 975 974 973 972 971 970 969 968 967 966,944-1007
5,Project 0 Meridian,mrgn4sJJu5GBa5wbKyjuASzhyCifvcedGoLtpKjB3Wf,Approved,42.2,27,64,0,42.2,37,0,27,0,1005 1004 1003 1002 1001 1000 999 998 997 996 995 977 976 975 974 973 972 971 970 969 968 967 966 965 964 963 944,944-1007
6,,SaV6UWBaE8M3kwMBfAhQ6Tmvd2qdJRm94NTwLqtoyGd,Approved,40.0,24,60,4,40.0,36,0,24,0,1003 1002 1001 1000 999 998 997 996 995 994 993 992 991 990 989 988 987 986 976 975 953 950 949 948,944-1007
7,,SoLiDJGk4WkdinyLiRWjkFbgLUhjL3idGJK8H1rUWqH,Approved,36.4,12,33,31,36.4,21,0,12,0,976 975 974 973 972 971 970 969 968 967 965 964,944-1007
8,MX Validator,mXv18ov8qCiQGs3ieoen981LdgZzYJjJak6reK6fpNC,Approved,32.8,21,64,0,32.8,43,0,21,0,1007 1006 1005 1004 1003 1002 1001 1000 999 998 997 987 986 980 979 978 977 976 975 974 973,944-1007
9,,H9METtoxNp2PhcDNxXwqpzBarJw9zJezhzdDEFgBqv8w,Approved,31.4,11,35,29,31.4,24,0,11,0,978 977 976 975 974 973 972 971 970 969 968,944-1007
10,Udder Chaos 🐄,ChaossRPGKnsVhX1GfPC78yq5Sqju4cMThcAsKZNz5d6,Approved,26.6,17,64,0,26.6,47,0,17,0,1007 998 997 996 987 986 981 980 979 978 977 976 975 974 973 954 953,944-1007
11,Bubbles,H9ENbtmy2tWFtAJNmpC8xQtbcr1NTp4FXLdphRaG8L2T,Approved,23.4,15,64,0,23.4,49,0,15,0,1001 1000 999 998 997 996 995 987 986 985 979 977 976 975 974,944-1007
12,Lion3d | 0% Forever + Block Rewards Sharing,CVvaeDPR2o7P1eawG5c9TPFLzSXAewwPovPmREaEL4Cm,Approved,23.4,15,64,0,23.4,49,0,15,0,996 987 986 980 979 978 977 976 975 974 973 967 966 965 956,944-1007
13,,1unarWPGGseFag2WfnoFv8o9P7vTPU8eHex9GinP3eY,Approved,22.5,9,40,24,22.5,31,0,9,0,983 982 981 980 979 978 977 976 975,944-1007
14,Forbole,forb5u56XgvzxiKfRt4FVNFQKJrd2LWAfNCsCqL6P7q,Approved,21.9,14,64,0,21.9,50,0,14,0,996 995 985 983 982 981 980 979 978 977 976 975 974 973,944-1007
15,,RLMS1pv3YKi7CSUCKTNcFN5fFkXJc2SmCwPhbQpqZJo,Approved,20.3,13,64,0,26.6,47,4,13,0,1007 1006 1005 1004 1003 978 973 950 949 948 947 946 945,944-1007
16,,XAqHfPFsqTfAJHBRHAcEECkMSykXjkUj2Rta16Qshrk,Approved,20.3,13,64,0,20.3,51,0,13,0,1007 1006 1005 1004 1003 1002 1001 1000 999 998 997 996 995,944-1007
17,KAST,GkFT5nmcFVmJiLwuE98PjdF3LReMeq4WbejFHfwrnsgw,Approved,20.3,13,64,0,20.3,51,0,13,0,1002 1001 1000 999 998 997 996 995 994 993 992 976 975,944-1007
18,Node Integration,nodeEgRVkbYLAQePtMx2zCN7CGw7qRgzKMCBtjMfN1D,Approved,20.3,13,64,0,20.3,51,0,13,0,977 976 975 965 964 963 962 961 960 959 958 957 956,944-1007
19,SolGuardian,HcZvwZ83PfjrQDiq3GLHxisTs17aGURs6bJ2LwtmL4qv,Approved,20.3,13,64,0,20.3,51,0,13,0,1007 1001 1000 999 998 997 996 995 994 993 992 991 990,944-1007
20,Validatore,D2RV1q6FgePVVjrMa7AMzVbvvAeg5oS7TAV7qdNKSDsX,Approved,20.3,13,64,0,25.0,48,3,13,0,997 996 992 991 990 989 988 987 986 977 976 975 953,944-1007
21,ERPC,KTMkUG8WCw9FdH44jLMBpc1teGafnYL6SgP4fHHbsNM,Approved,18.8,12,64,0,18.8,52,0,12,0,1003 1002 1001 1000 999 998 997 996 995 994 993 986,944-1007
22,,ELE1xBTfmHB7vuhSH94q23r6j3tuvTXYTqgm1u4uzMLk,Approved,17.6,6,34,30,17.6,28,0,6,0,977 976 975 974 973 972,944-1007
23,,sZAqxCSN5kkVfG2s65Bje4jzCkD2aLyk21qU95PMf2Y,Approved,17.2,10,58,6,17.2,48,0,10,0,1001 1000 999 998 997 996 995 994 976 975,944-1007
24,Banana Business (BB),3YX7PQuESmR2h95FDgjahEQjyCBhmY1Ts2MsrM1Kg9DS,Approved,17.2,11,64,0,17.2,53,0,11,0,1007 1006 987 986 979 978 977 976 975 974 973,944-1007
25,Hypo Nyms,nymsHergYedT9CJMgtGMvqXUTGcbs5o3MiWTJUbqTGY,Approved,17.2,11,64,0,17.2,53,0,11,0,1005 1004 1003 1002 1001 1000 999 998 997 996 995,944-1007
26,Stellium,Ste1115xFGdAYK5jaWA3dEFcUc1S5jEbVvD8e327zty,Approved,17.2,11,64,0,17.2,53,0,11,0,1005 1004 1003 1002 1001 1000 999 998 997 996 956,944-1007
27,Xandeum Labs low fee + MEV = 🔥APY %,BitokuDHQiAhpUKrwx1VssAAoW5Rst8zB6gpfoaxM3Kh,Approved,17.2,11,64,0,17.2,53,0,11,0,1006 1005 1004 1003 1002 1001 1000 999 998 997 953,944-1007
28,Tree Validator,TREEir31FswHK7JZBS5oFQteS72dobi6inpmQha88dA,Approved,17.1,6,35,29,17.1,29,0,6,0,997 996 986 980 974 973,944-1007
29,Aurora Validator,3V2xaccDpFib4DbTksdiveNDmiwpXBqSWyjSof3w1Bg7,Approved,15.6,10,64,0,15.6,54,0,10,0,1001 1000 999 998 997 996 995 994 954 953,944-1007
30,Fountainhead 🌱 Funding Dev WITH max APY,fhsM2sxME8cHrrk3qvtMsRRDv5AoLFja7NjNnHeYZxe,Approved,15.6,10,64,0,15.6,54,0,10,0,1002 1001 1000 999 998 997 996 995 994 993,944-1007
31,SLC Validator | Jito+MEV,FLVgaCPvSGFguumN9ao188izB4K4rxSWzkHneQMtkwQJ,Approved,15.6,7,45,19,17.8,37,1,7,0,988 987 986 985 984 983 982,944-1007
32,,LTP1bMnfq1Z6UctyDXYHo9qcUJ6ReXm9cG2VwQcsHBt,Approved,15.2,5,33,31,15.2,28,0,5,0,976 975 974 973 972,944-1007
33,Solar | Empowering Youth | 0% Fee + MEV Rewards,7nzTzRZzezmugqE5ZjHRMxarhXunpwZ2PUdjV7uYzt7A,Approved,14.1,9,64,0,14.1,55,0,9,0,1001 1000 999 998 997 996 995 994 993,944-1007
34,,noMiSMNpN3iGeX3WdF5M2KQdFUQt2RYYpfJ4dN1Ni3k,Approved,12.8,5,39,25,12.8,34,0,5,0,982 981 980 979 978,944-1007
35,,hykfH9jUQqe2yqv3VqVAK5AmMYqrmMWmdwDcbfsm6My,Approved,12.8,6,47,17,12.8,41,0,6,0,990 989 988 987 986 985,944-1007
36,,12i8gndWWWMTRzJBFhnYkobNgZB3XMUUJq75HeUrshrk,Approved,12.7,7,55,9,21.8,43,5,7,0,998 997 996 995 994 989 987,944-1007
37,,KoLibrJsbABbtmtFPc7nPvDxT81rc4UPM7mY9xSLjpo,Approved,12.5,8,64,0,12.5,56,0,8,0,1007 1006 1005 1004 1003 1002 986 985,944-1007
38,,8cnksBVjDPspn3AvmxJd8JKUdh4uWDDXzDemPmDctaHi,Approved,12.5,8,64,0,12.5,56,0,8,0,1007 1006 1005 1004 1003 976 975 956,944-1007
39,Bay3,bay3wXfJsu9ds1zQBoQQ4DUwFGs3NP6q4gca9WM5G1z,Approved,12.5,8,64,0,12.5,56,0,8,0,1007 1006 1005 1004 1003 1002 979 978,944-1007
40,Cavey Cool,CaveyttUBTKttncu1e4RF814XjuoGfYv8cEsiKGDNCPX,Approved,12.5,8,64,0,12.5,56,0,8,0,1001 1000 999 998 997 996 995 986,944-1007
41,SteakStache,5t4shVsKnUqgjmhK3fFNsvyju2E6Rd7cc4S5pmqqEVEW,Approved,12.5,8,64,0,12.5,56,0,8,0,979 978 977 976 975 974 973 955,944-1007
42,🔥💃🇸🇬 CeriumXYZ,idCE5k2BtTpwXdwAC7Var1enT9reut9fWECcxQP7LY7,Approved,12.5,8,64,0,12.5,56,0,8,0,1002 1001 1000 999 998 997 996 995,944-1007
43,Sygnum Validators,CkCMabrc3HgBgDkeKPXkbWuQpUuSqW7zs1Mg3HFArx61,Approved,12.1,7,58,6,12.1,51,0,7,0,979 978 977 976 975 974 973,944-1007
44,11ama Validator,11AMA4mnNbsrPQeuoNN7uiZVJZtqEzQHrTfa5vnbcjk,Approved,10.9,7,64,0,23.4,49,8,7,0,993 986 960 953 952 951 950,944-1007
45,Alpha Waves,LFGGGJtnBLvq78DyMz1gTeedM6f8owck76qHThDABBC,Approved,10.9,7,64,0,10.9,57,0,7,0,960 959 958 956 955 953 952,944-1007
46,Chainflow,2mMGsb5uy1Q4Dvezr8HK2E8SJoChcb2X7b61tJPaVHHd,Approved,10.9,7,64,0,10.9,57,0,7,0,979 978 977 976 975 974 973,944-1007
47,ReFi Hub,ReFiqMfGnc7tW8WQtFFcJRPZSDAWDBnAsdoFYF2QnfR,Approved,10.9,7,64,0,10.9,57,0,7,0,979 978 977 976 975 974 973,944-1007
48,Solid State Nodes,3CKKAoVi94EnfX8QcVxEmk8CAvZTc6nAYzXp1WkSUofX,Approved,10.9,7,64,0,10.9,57,0,7,0,979 978 977 976 975 974 973,944-1007
49,Stakin by The Tie,23SUe5fzmLws1M58AnGnvnUBRUKJmzCpnFQwv4M4b9Er,Approved,10.9,7,64,0,10.9,57,0,7,0,979 978 977 976 975 974 973,944-1007
50,,stacheBmGG5zMKuetUevAbc4m4dLbve1VPcpSur3voH,Approved,10.9,6,55,9,10.9,49,0,6,0,998 997 996 995 994 993,944-1007
51,Orca,ECZx4Dfyn2o55KTYbM9r3Dt4VZRcrdfdrst7sUbWgrdU,Approved,9.4,6,64,0,9.4,58,0,6,0,1005 989 988 987 976 975,944-1007
52,Theta,8AkVj5aAtJ27tYXeq89cnSf68V43NarFHMx2iSDjZv7c,Approved,9.4,6,64,0,9.4,58,0,6,0,989 988 987 986 985 984,944-1007
53,Trillium,Tri1F8B6YtjkBztGCwBNSLEZib1EAqMUEUM7dTT7ZG3,Approved,9.4,6,64,0,9.4,58,0,6,0,971 970 969 968 967 966,944-1007
54,TruFin by Twinstake,3tzpLMWRkWucvTRWU5PjgKzN1iwJuV69yCCjmuuo4gTk,Approved,9.4,6,64,0,9.4,58,0,6,0,973 972 971 970 969 968,944-1007
55,val37,CpuDNi3iVoHXbaT8gHpzKe6rqeBasoYjEKi21q7NRVJS,Approved,9.4,6,64,0,9.4,58,0,6,0,1002 1001 1000 999 998 997,944-1007
56,佛金疯 Solana Chinese Community,EBk678aQvc3cUkfGyoehfw21JQfJXjmWuBeopYc89RSV,Approved,9.4,6,64,0,9.4,58,0,6,0,957 956 955 954 953 952,944-1007
57,,4SgoyAwN26iu9Gpf12Bk1rnzp4G4yDUM3XVv4w7VQcAf,Approved,9.3,5,54,10,9.3,49,0,5,0,997 996 995 994 993,944-1007
58,,13DmVBcyrSdsSsLWaKH9x1dwxDf48Wu5wprwxMmLshrk,Approved,9.1,5,55,9,9.1,50,0,5,0,998 997 996 995 994,944-1007
59,,BSMe78Jk1BfeJDdHQj1aXVjrT2aMAYidyNAGQsTshrk,Approved,9.1,5,55,9,9.1,50,0,5,0,998 997 996 995 994,944-1007
60,,uxqVAFQfox97HazsPtkKiwhypQH6jEGXkQBHDtXshrk,Approved,9.1,5,55,9,9.1,50,0,5,0,998 997 996 995 994,944-1007
61,,U82KEYMnuCiZSQbvuCJTZ652HX9NQ63uNSnxyucshrk,Approved,9.1,5,55,9,9.1,50,0,5,0,998 997 996 995 994,944-1007
62,,kREnNfJrPEHbrjSQDxmxZdGmN6hi7ewXZ3UZTURshrk,Approved,9.1,5,55,9,9.1,50,0,5,0,998 997 996 995 994,944-1007
63,,q1yPXLsYcJhzxhUYLewFDjYmsBh2gDFnYqrZ9VPshrk,Approved,9.1,5,55,9,9.1,50,0,5,0,998 997 996 995 994,944-1007
64,,5LNEDitSMhApT2uFnmtN7FmjCiGuatpnb2uU4f3shrk,Approved,9.1,5,55,9,9.1,50,0,5,0,998 997 996 995 994,944-1007
65,,CiR8HNCfkjtcongPmP2DRdZPnFgjSbN5gsXdjmsXXHcB,Approved,8.9,5,56,8,8.9,51,0,5,0,999 998 997 996 995,944-1007
66,,BCS95L5JHBWHvWkcEJBEF3BH5QHxKcPeaTgoYmHLvfFh,Approved,8.1,5,62,2,8.1,57,0,5,0,1005 1004 1003 1002 1001,944-1007
67,Luna Labs,2UBhtRuyr9nvWsUnrbWrvJiYWEU8TVBD4PLYQJKiRa9H,Approved,7.8,5,64,0,7.8,59,0,5,0,964 963 962 961 960,944-1007
68,Watchtower,6yFGGAgYpBxgYPuHW4rv7hJmhKrUiXKyHkpVGaYtKrwE,Approved,7.8,5,64,0,7.8,59,0,5,0,970 969 968 967 966,944-1007
69,,2Rv9npqdWE1mLPsT1r2obn3xtKmA5afkxt8GsWeLnKoc,Approved,7.3,4,55,9,7.3,51,0,4,0,998 997 996 995,944-1007
70,Huisky Staking,huinBRP3muBuqZLMW8ARjdn4mBnEmFFcxiBzrkQz553,Approved,6.2,4,64,0,6.2,60,0,4,0,986 952 951 949,944-1007
71,Iggyz,1ggyZGbYtEo1WrV1kmXfnvhPeSPxrYAXoDBeApnszLT,Approved,6.2,4,64,0,6.2,60,0,4,0,1007 1006 1005 1004,944-1007
72,LI.FI,LiFiDJwJjW98MB8wxcnXpafKYsuz1hwpUkuszkERiX6,Approved,6.2,4,64,0,6.2,60,0,4,0,1007 1006 1005 1004,944-1007
73,Lumos Maxima,8uPW9msN75rfaKiwy8y8NxEX5zSk2WejtVv5YhZr3jCo,Approved,6.2,4,64,0,6.2,60,0,4,0,977 976 975 956,944-1007
74,MARVEL+MEV!,5marvipGzf98hxnoJFXsZbGHSXcEQ3yRGJ4ps7D3V4ou,Approved,6.2,4,64,0,6.2,60,0,4,0,1007 1006 1005 1004,944-1007
75,Omakase,CZanBzZHFzrGY5qKzaX3CNhJ5smHEMTWFFnoeUi4J6dr,Approved,6.2,4,64,0,17.2,53,7,4,0,995 972 957 944,944-1007
76,PK,PKdLMugp1Mf88Ji1GkdqRDBewaUh2cqg79CBEo6eJoQ,Approved,6.2,4,64,0,10.9,57,3,4,0,998 997 996 995,944-1007
77,Serhio911,DiFeTctQSaNczJNmZ5121kYqLaBe9wDpM9sjCzTELJLE,Approved,6.2,4,64,0,6.2,60,0,4,0,1007 1006 1005 1004,944-1007
78,StakeITeasy🚀High APY + 0% fee✅ + MEV🔥,vahMVcSS3v6uwyFormV7FDAUbQSHwmy6vUedp1P7L42,Approved,6.2,4,64,0,6.2,60,0,4,0,987 986 967 956,944-1007
79,,BirdeyeK5yooepHNNgaW2bGGDD2jmib4oSRFTHyELbZ1,Approved,4.7,3,64,0,4.7,61,0,3,0,1007 1006 1005,944-1007
80,ILY♡ Validator ➕ Firedancer🔥 ||neochibi culture X:@ILY_validator,ByszyWdqC3rVMWy8f6jwK5cmwkpwYdwsr7UL58xS5vnm,Approved,4.7,3,64,0,9.4,58,3,3,0,1007 979 975,944-1007
81,Sextant,777idJ8gG2cZXjc5Wvcq7RBtkvcU1TJ8WoLQSHaU8nN2,Approved,4.7,3,64,0,7.8,59,2,3,0,955 952 951,944-1007
82,Accretion | r0bre,AccReGBNBdUCEJ7ZyP231jw7uVJ3eF9u4cLBFAyqQuWm,Approved,3.3,2,61,3,13.1,53,6,2,0,984 972,944-1007
83,0% Fees | Easy 2 Stake | Jito MEV,2jS8AX38m8F9C5juToW1FmTufEbb1DfDzZJj9HSJcWwo,Approved,3.1,2,64,0,3.1,62,0,2,0,976 975,944-1007
84,BlueLotus 👩‍💻,PAD9aPiKJGcbGxuVLbc8o4Vf65GPq3fJQ7PkHWuX6a8,Approved,3.1,2,64,0,3.1,62,0,2,0,997 996,944-1007
85,capy,capyS1jerxhFp1RehdWRG6kbWi8bnWF3fkEG2RGLsQf,Approved,3.1,2,64,0,3.1,62,0,2,0,989 988,944-1007
86,gripto,grptonHnt7YSmJokGK9TJJTBXDT8ca4LSWMHCCfzzPa,Approved,3.1,2,64,0,3.1,62,0,2,0,992 956,944-1007
87,Hubra,RAuSNo4DRjo83uGhdgg4fPqYBVszi1KsrQGpqcPHK1D,Approved,3.1,2,64,0,3.1,62,0,2,0,975 945,944-1007
88,Jaguar,jagBNeXYncnn1hzwSq1JJ16XhWTgQ7DCFVqndSJZ6vT,Approved,3.1,2,64,0,3.1,62,0,2,0,1001 997,944-1007
89,Marco Polo 0% Fee +MEV,2VKu11f8zc3huqDQUN6WJTFpX32PgHpXXjf72P6YvYMd,Approved,3.1,2,64,0,3.1,62,0,2,0,954 953,944-1007
90,Mira Validator,6gL3uHvuUjaPp9mTBf2VZ4tpKiYhbWyPrAPboGByzEHd,Approved,3.1,2,64,0,3.1,62,0,2,0,954 953,944-1007
91,Neodyme,NdMV1C3XMCRqSBwBtNmoUNnKctYh95Ug4xb6FSTcAWr,Approved,3.1,2,64,0,3.1,62,0,2,0,986 956,944-1007
92,OmegaNode Validator,omeg2wsojzB7tfyAxsFhp8npxHL8yxVnaf51poXCwSd,Approved,3.1,2,64,0,9.4,58,4,2,0,992 979,944-1007
93,Onchain Divers,DiveRaPKviyDnQyiiMFdV4rujsCBJzMNvPjKfvGNLGvL,Approved,3.1,2,64,0,3.1,62,0,2,0,976 975,944-1007
94,Quantix,N43JWBg42ZoUFMkHsRUVbP7wGVdxaHKanqaF9BBNiFC,Approved,3.1,2,64,0,3.1,62,0,2,0,976 975,944-1007
95,Solstice,5pZvwjSpGYCxpJeySwSbSAji7kZe4YntL7rQvXM3YcNT,Approved,3.1,2,64,0,3.1,62,0,2,0,1005 975,944-1007
96,some name,5AsoSeQtLoN8eLsf3wKrR3LwxHME4sTBGR6dpTCP1k3H,Approved,3.1,2,64,0,3.1,62,0,2,0,996 956,944-1007
97,Valid Blocks,JC7bH7HSZoDhwggBXtRF31cVt71WiizY2J6YDDQfG5er,Approved,3.1,2,64,0,3.1,62,0,2,0,945 944,944-1007
98,Validation Cloud,h3ZXAE168mNxsszYYrUfkMVSCWx6DU2Uvrx97Kb1Nch,Approved,3.1,2,64,0,3.1,62,0,2,0,954 953,944-1007
99,Grid Systems,gridqZmeBcsUKT2Mv4M9YFHFN3tVLFb2TCtTcLD1cAd,Approved,1.6,1,61,3,1.6,60,0,1,0,953,944-1007
100,Step Finance,sTepQGoReJq2tBKStL19DT6nnGHcGiAvFjyYaokLyuM,Approved,1.6,1,62,2,1.6,61,0,1,0,946,944-1007
101,,4vcmYPfLztUckU3c3FvXDwSq8aDNDqwEpvEiqAv97LGJ,Approved,1.6,1,64,0,1.6,63,0,1,0,960,944-1007
102,ABREU Foundation,ABREU5YkQcfpDZymoQ97iGUgQcfgjctWUUxEMfumiPdV,Approved,1.6,1,64,0,1.6,63,0,1,0,958,944-1007
103,Albert is Great,rsbp8zMHbGCpLoRktmsjspYv77VcjxAzH1KxPCD9BiU,Approved,1.6,1,64,0,1.6,63,0,1,0,988,944-1007
104,anarcheuz,97jbhVBYcSmwGXjrx5PPWXucDsVBqwyoQ6rzP3B6eeMt,Approved,1.6,1,64,0,1.6,63,0,1,0,986,944-1007
105,Anchorage Digital,ANC1u9sY36q3mi2MyVhtz71un8yLgTsFBUuyLcSPzKsk,Approved,1.6,1,64,0,1.6,63,0,1,0,978,944-1007
106,Anza,anza1rXDVhy1NfVNtsbT3kSBh2jgB1BGZUKuUibSAJd,Approved,1.6,1,64,0,1.6,63,0,1,0,986,944-1007
107,Chainode Tech & MEV(0% Fee),3RXKQBRv7xKTQeNdLSPhCiD4QcUfxEQ12rtgUkMf5LnS,Approved,1.6,1,64,0,1.6,63,0,1,0,953,944-1007
108,Goldsand,SANDCxXBbQhvbUqNtiLqKdFEY1uQhVo1UgUACaS4mXU,Approved,1.6,1,64,0,1.6,63,0,1,0,975,944-1007
109,Latitude.sh,c3rtoMCHSbFrLRTAdw4iRowKSn4BrDtvSPbuyJwkHwx,Approved,1.6,1,64,0,1.6,63,0,1,0,979,944-1007
110,mallow,mALL2W6DUgDDtcyurC9v5YTF2CMMeuRwPBkf6tEoG3y,Approved,1.6,1,64,0,1.6,63,0,1,0,1005,944-1007
111,MeshMap,AWZhUiQjrjtxL8MEMWsCFbMausFQKkdTnDsFW2i411hN,Approved,1.6,1,64,0,1.6,63,0,1,0,975,944-1007
112,Nova Consortium,novaeuhY2JH2WHhc9KVTHDx2cyJZdXJC6faf4CtARZn,Approved,1.6,1,64,0,1.6,63,0,1,0,986,944-1007
113,Phase Stake,ciTyjzN9iyobidMycjyqRRM7vXAHXkFzH3m8vEr6cQj,Approved,1.6,1,64,0,1.6,63,0,1,0,975,944-1007
114,pico🙄.sol,D3htsc6iRQJLqCNWcC2xcZgUuvcd1JT8zoYNqraNcTQz,Approved,1.6,1,64,0,1.6,63,0,1,0,956,944-1007
115,Project Super,E99w1XfS4UNM1xUKXWEuDmj8Mduy7u65jm2NCULTspSV,Approved,1.6,1,64,0,1.6,63,0,1,0,981,944-1007
116,rossi-mainnet,BJvrWSfonXnS2Km8iA9KLY6D6vS3GcsaUwUNPFBumTca,Approved,1.6,1,64,0,1.6,63,0,1,0,949,944-1007
117,Rustiq Technology,8pyp3vfVPRziYdAYEyqkwytdBbdVbQmHqfQAVDcRV3w,Approved,1.6,1,64,0,1.6,63,0,1,0,984,944-1007
118,Solana Japan Validator🇯🇵,5zuNci3TV79w6zLoJZzbZujMvkVZb2FcSPhgv9aT24AK,Approved,1.6,1,64,0,9.4,58,5,1,0,967,944-1007
119,Solana Vibe Station,svsD6T44XJnuXQWB15sy1pBxxruzrFy8rR7gXy8Jsj3,Approved,1.6,1,64,0,1.6,63,0,1,0,950,944-1007
120,SolanaBull 🚀,CtvdyHYt8cMuGVHFarV2RADfoCdnrbd8e9jAsB225uMW,Approved,1.6,1,64,0,1.6,63,0,1,0,973,944-1007
121,Stake.org,Stakex4B2tpDHPWGvV1dninfiaYCGdakgTknpzPitLh,Approved,1.6,1,64,0,1.6,63,0,1,0,954,944-1007
122,stakefish 🐟,fishfishrD9BwrQQiAcG6YeYZVUYVJf3tb9QGQPMJqF,Approved,1.6,1,64,0,1.6,63,0,1,0,991,944-1007
123,Staking Fund,SFundNVpuWk89g211WKUZGkuu4BsKSp7PbnmRsPZLos,Approved,1.6,1,64,0,1.6,63,0,1,0,970,944-1007
124,Staking kiwi validator,3x9nibnhgBHWKMRiGnsXJELRBjviQpKyigfrXtKW27KJ,Approved,1.6,1,64,0,4.7,61,2,1,0,979,944-1007
125,Starke Finance,3s97yjq2MhoPVPC3U9VeE3Z5S643Pweovg88ysvrQPw5,Approved,1.6,1,64,0,1.6,63,0,1,0,956,944-1007
126,Stronghold,91oPXTs2oq8VvJpQ5TnvXakFGnnJSpEB6HFWDtSctwMt,Approved,1.6,1,64,0,1.6,63,0,1,0,986,944-1007
127,TdrSys,6xFDLX751L7H9d5fQT9sf2SM5RWWE9LDgqz25pPDbWoJ,Approved,1.6,1,64,0,1.6,63,0,1,0,977,944-1007
128,WEB34EVER ∞ POSTHUMAN,7MTjmteQHhthwwTZhUzsc2dP4NBvGNRqj8jzdqNxHFGE,Approved,1.6,1,64,0,1.6,63,0,1,0,995,944-1007
129,xLabs,xLabscif2DLnYg39rQThqi7A9E45L9qiysRZhmZ1ARE,Approved,1.6,1,64,0,10.9,57,6,1,0,995,944-1007
130,⭐StepByStep⭐ Jito BAM,HnwMGBAw5PxaX56eSYc969MorEy2NzEMPLkmBkdnJmeq,Approved,1.6,1,64,0,1.6,63,0,1,0,949,944-1007
